symbol,exchange,segment
360ONE,NSE,MID_CAP
3MINDIA,NSE,MID_CAP
AADHARHFC,NSE,LARGE_CAP
AARTIIND,NSE,LARGE_CAP
AAVAS,NSE,LARGE_CAP
ABB,NSE,LARGE_CAP
ABBOTINDIA,NSE,MID_CAP
ABCAPITAL,NSE,MID_CAP
ABDL,NSE,LARGE_CAP
ABFRL,NSE,LARGE_CAP
ABLBL,NSE,LARGE_CAP
ABREL,NSE,LARGE_CAP
ABSLAMC,NSE,LARGE_CAP
ACC,NSE,MID_CAP
ACE,NSE,LARGE_CAP
ACMESOLAR,NSE,LARGE_CAP
ACUTAAS,NSE,LARGE_CAP
ADANIENSOL,NSE,LARGE_CAP
ADANIENT,NSE,LARGE_CAP
ADANIGREEN,NSE,LARGE_CAP
ADANIPORTS,NSE,LARGE_CAP
ADANIPOWER,NSE,LARGE_CAP
AEGISLOG,NSE,LARGE_CAP
AEGISVOPAK,NSE,LARGE_CAP
AFCONS,NSE,LARGE_CAP
AFFLE,NSE,LARGE_CAP
AIAENG,NSE,MID_CAP
AIIL,NSE,MID_CAP
AJANTPHARM,NSE,MID_CAP
ALKEM,NSE,MID_CAP
AMBER,NSE,LARGE_CAP
AMBUJACEM,NSE,LARGE_CAP
ANANDRATHI,NSE,LARGE_CAP
ANANTRAJ,NSE,LARGE_CAP
ANGELONE,NSE,LARGE_CAP
ANTHEM,NSE,MID_CAP
ANURAS,NSE,LARGE_CAP
APARINDS,NSE,MID_CAP
APLAPOLLO,NSE,MID_CAP
APOLLOHOSP,NSE,LARGE_CAP
APOLLOTYRE,NSE,MID_CAP
APTUS,NSE,LARGE_CAP
ARE&M,NSE,LARGE_CAP
ASAHIINDIA,NSE,LARGE_CAP
ASHOKLEY,NSE,MID_CAP
ASIANPAINT,NSE,LARGE_CAP
ASTERDM,NSE,LARGE_CAP
ASTRAL,NSE,MID_CAP
ATGL,NSE,MID_CAP
ATHERENERG,NSE,LARGE_CAP
ATUL,NSE,LARGE_CAP
AUBANK,NSE,MID_CAP
AUROPHARMA,NSE,MID_CAP
AWL,NSE,MID_CAP
AXISBANK,NSE,LARGE_CAP
BAJAJ-AUTO,NSE,LARGE_CAP
BAJAJFINSV,NSE,LARGE_CAP
BAJAJHFL,NSE,MID_CAP
BAJAJHLDNG,NSE,LARGE_CAP
BAJFINANCE,NSE,LARGE_CAP
BALKRISIND,NSE,MID_CAP
BALRAMCHIN,NSE,LARGE_CAP
BANDHANBNK,NSE,LARGE_CAP
BANKBARODA,NSE,LARGE_CAP
BANKINDIA,NSE,MID_CAP
BATAINDIA,NSE,LARGE_CAP
BAYERCROP,NSE,LARGE_CAP
BBTC,NSE,LARGE_CAP
BDL,NSE,MID_CAP
BEL,NSE,LARGE_CAP
BELRISE,NSE,LARGE_CAP
BEML,NSE,LARGE_CAP
BERGEPAINT,NSE,MID_CAP
BHARATFORG,NSE,MID_CAP
BHARTIARTL,NSE,LARGE_CAP
BHARTIHEXA,NSE,MID_CAP
BHEL,NSE,MID_CAP
BIKAJI,NSE,LARGE_CAP
BIOCON,NSE,MID_CAP
BLS,NSE,LARGE_CAP
BLUEDART,NSE,LARGE_CAP
BLUEJET,NSE,LARGE_CAP
BLUESTARCO,NSE,MID_CAP
BOSCHLTD,NSE,LARGE_CAP
BPCL,NSE,LARGE_CAP
BRIGADE,NSE,LARGE_CAP
BRITANNIA,NSE,LARGE_CAP
BSE,NSE,MID_CAP
BSOFT,NSE,LARGE_CAP
CAMS,NSE,LARGE_CAP
CANBK,NSE,LARGE_CAP
CANFINHOME,NSE,LARGE_CAP
CANHLIFE,NSE,LARGE_CAP
CAPLIPOINT,NSE,LARGE_CAP
CARBORUNIV,NSE,LARGE_CAP
CARTRADE,NSE,LARGE_CAP
CASTROLIND,NSE,LARGE_CAP
CCL,NSE,LARGE_CAP
CDSL,NSE,LARGE_CAP
CEATLTD,NSE,LARGE_CAP
CEMPRO,NSE,LARGE_CAP
CENTRALBK,NSE,LARGE_CAP
CESC,NSE,LARGE_CAP
CGCL,NSE,LARGE_CAP
CGPOWER,NSE,LARGE_CAP
CHALET,NSE,LARGE_CAP
CHAMBLFERT,NSE,LARGE_CAP
CHENNPETRO,NSE,LARGE_CAP
CHOICEIN,NSE,LARGE_CAP
CHOLAFIN,NSE,LARGE_CAP
CHOLAHLDNG,NSE,LARGE_CAP
CIEINDIA,NSE,LARGE_CAP
CIPLA,NSE,LARGE_CAP
CLEAN,NSE,LARGE_CAP
COALINDIA,NSE,LARGE_CAP
COCHINSHIP,NSE,MID_CAP
COFORGE,NSE,MID_CAP
COHANCE,NSE,LARGE_CAP
COLPAL,NSE,MID_CAP
CONCOR,NSE,MID_CAP
CONCORDBIO,NSE,LARGE_CAP
COROMANDEL,NSE,MID_CAP
CPPLUS,NSE,LARGE_CAP
CRAFTSMAN,NSE,LARGE_CAP
CREDITACC,NSE,LARGE_CAP
CRISIL,NSE,MID_CAP
CROMPTON,NSE,LARGE_CAP
CUB,NSE,LARGE_CAP
CUMMINSIND,NSE,LARGE_CAP
CYIENT,NSE,LARGE_CAP
DABUR,NSE,MID_CAP
DALBHARAT,NSE,MID_CAP
DATAPATTNS,NSE,LARGE_CAP
DCMSHRIRAM,NSE,LARGE_CAP
DEEPAKFERT,NSE,LARGE_CAP
DEEPAKNTR,NSE,LARGE_CAP
DELHIVERY,NSE,LARGE_CAP
DEVYANI,NSE,LARGE_CAP
DIVISLAB,NSE,LARGE_CAP
DIXON,NSE,MID_CAP
DLF,NSE,LARGE_CAP
DMART,NSE,LARGE_CAP
DOMS,NSE,LARGE_CAP
DRREDDY,NSE,LARGE_CAP
DUMMYVEDL1,NSE,LARGE_CAP
DUMMYVEDL2,NSE,LARGE_CAP
DUMMYVEDL3,NSE,LARGE_CAP
DUMMYVEDL4,NSE,LARGE_CAP
ECLERX,NSE,LARGE_CAP
EICHERMOT,NSE,LARGE_CAP
EIDPARRY,NSE,LARGE_CAP
EIHOTEL,NSE,LARGE_CAP
ELECON,NSE,LARGE_CAP
ELGIEQUIP,NSE,LARGE_CAP
EMAMILTD,NSE,LARGE_CAP
EMCURE,NSE,LARGE_CAP
EMMVEE,NSE,LARGE_CAP
ENDURANCE,NSE,MID_CAP
ENGINERSIN,NSE,LARGE_CAP
ENRIN,NSE,LARGE_CAP
ERIS,NSE,LARGE_CAP
ESCORTS,NSE,MID_CAP
ETERNAL,NSE,LARGE_CAP
EXIDEIND,NSE,MID_CAP
FACT,NSE,LARGE_CAP
FEDERALBNK,NSE,MID_CAP
FINCABLES,NSE,LARGE_CAP
FIRSTCRY,NSE,LARGE_CAP
FIVESTAR,NSE,LARGE_CAP
FLUOROCHEM,NSE,MID_CAP
FORCEMOT,NSE,LARGE_CAP
FORTIS,NSE,MID_CAP
FSL,NSE,LARGE_CAP
GABRIEL,NSE,LARGE_CAP
GAIL,NSE,LARGE_CAP
GALLANTT,NSE,LARGE_CAP
GESHIP,NSE,LARGE_CAP
GICRE,NSE,MID_CAP
GILLETTE,NSE,LARGE_CAP
GLAND,NSE,LARGE_CAP
GLAXO,NSE,MID_CAP
GLENMARK,NSE,MID_CAP
GMDCLTD,NSE,LARGE_CAP
GMRAIRPORT,NSE,MID_CAP
GODFRYPHLP,NSE,MID_CAP
GODIGIT,NSE,LARGE_CAP
GODREJCP,NSE,LARGE_CAP
GODREJIND,NSE,MID_CAP
GODREJPROP,NSE,MID_CAP
GPIL,NSE,LARGE_CAP
GRANULES,NSE,LARGE_CAP
GRAPHITE,NSE,LARGE_CAP
GRASIM,NSE,LARGE_CAP
GRAVITA,NSE,LARGE_CAP
GROWW,NSE,MID_CAP
GRSE,NSE,LARGE_CAP
GVT&D,NSE,MID_CAP
HAL,NSE,LARGE_CAP
HAVELLS,NSE,MID_CAP
HBLENGINE,NSE,LARGE_CAP
HCLTECH,NSE,LARGE_CAP
HDBFS,NSE,MID_CAP
HDFCAMC,NSE,LARGE_CAP
HDFCBANK,NSE,LARGE_CAP
HDFCLIFE,NSE,LARGE_CAP
HEG,NSE,LARGE_CAP
HEROMOTOCO,NSE,MID_CAP
HEXT,NSE,MID_CAP
HFCL,NSE,LARGE_CAP
HINDALCO,NSE,LARGE_CAP
HINDCOPPER,NSE,LARGE_CAP
HINDPETRO,NSE,MID_CAP
HINDUNILVR,NSE,LARGE_CAP
HINDZINC,NSE,LARGE_CAP
HOMEFIRST,NSE,LARGE_CAP
HONASA,NSE,LARGE_CAP
HONAUT,NSE,MID_CAP
HSCL,NSE,LARGE_CAP
HUDCO,NSE,MID_CAP
HYUNDAI,NSE,LARGE_CAP
ICICIAMC,NSE,MID_CAP
ICICIBANK,NSE,LARGE_CAP
ICICIGI,NSE,MID_CAP
ICICIPRULI,NSE,MID_CAP
IDBI,NSE,LARGE_CAP
IDEA,NSE,MID_CAP
IDFCFIRSTB,NSE,MID_CAP
IEX,NSE,LARGE_CAP
IFCI,NSE,LARGE_CAP
IGIL,NSE,LARGE_CAP
IGL,NSE,LARGE_CAP
IIFL,NSE,LARGE_CAP
IKS,NSE,LARGE_CAP
INDGN,NSE,LARGE_CAP
INDHOTEL,NSE,LARGE_CAP
INDIACEM,NSE,LARGE_CAP
INDIAMART,NSE,LARGE_CAP
INDIANB,NSE,MID_CAP
INDIGO,NSE,LARGE_CAP
INDUSINDBK,NSE,MID_CAP
INDUSTOWER,NSE,MID_CAP
INFY,NSE,LARGE_CAP
INOXWIND,NSE,LARGE_CAP
INTELLECT,NSE,LARGE_CAP
IOB,NSE,LARGE_CAP
IOC,NSE,LARGE_CAP
IPCALAB,NSE,MID_CAP
IRB,NSE,LARGE_CAP
IRCON,NSE,LARGE_CAP
IRCTC,NSE,MID_CAP
IREDA,NSE,MID_CAP
IRFC,NSE,LARGE_CAP
ITC,NSE,LARGE_CAP
ITCHOTELS,NSE,MID_CAP
ITI,NSE,LARGE_CAP
J&KBANK,NSE,LARGE_CAP
JAINREC,NSE,LARGE_CAP
JBCHEPHARM,NSE,LARGE_CAP
JBMA,NSE,LARGE_CAP
JINDALSAW,NSE,LARGE_CAP
JINDALSTEL,NSE,LARGE_CAP
JIOFIN,NSE,LARGE_CAP
JKCEMENT,NSE,MID_CAP
JKTYRE,NSE,LARGE_CAP
JMFINANCIL,NSE,LARGE_CAP
JPPOWER,NSE,LARGE_CAP
JSL,NSE,MID_CAP
JSWCEMENT,NSE,LARGE_CAP
JSWDULUX,NSE,LARGE_CAP
JSWENERGY,NSE,MID_CAP
JSWINFRA,NSE,MID_CAP
JSWSTEEL,NSE,LARGE_CAP
JUBLFOOD,NSE,MID_CAP
JUBLINGREA,NSE,LARGE_CAP
JUBLPHARMA,NSE,LARGE_CAP
JWL,NSE,LARGE_CAP
JYOTICNC,NSE,LARGE_CAP
KAJARIACER,NSE,LARGE_CAP
KALYANKJIL,NSE,MID_CAP
KARURVYSYA,NSE,LARGE_CAP
KAYNES,NSE,LARGE_CAP
KEC,NSE,LARGE_CAP
KEI,NSE,MID_CAP
KFINTECH,NSE,LARGE_CAP
KIMS,NSE,LARGE_CAP
KIRLOSENG,NSE,LARGE_CAP
KOTAKBANK,NSE,LARGE_CAP
KPIL,NSE,LARGE_CAP
KPITTECH,NSE,MID_CAP
KPRMILL,NSE,MID_CAP
LALPATHLAB,NSE,LARGE_CAP
LATENTVIEW,NSE,LARGE_CAP
LAURUSLABS,NSE,MID_CAP
LEMONTREE,NSE,LARGE_CAP
LENSKART,NSE,MID_CAP
LGEINDIA,NSE,MID_CAP
LICHSGFIN,NSE,MID_CAP
LICI,NSE,MID_CAP
LINDEINDIA,NSE,MID_CAP
LLOYDSME,NSE,MID_CAP
LODHA,NSE,LARGE_CAP
LT,NSE,LARGE_CAP
LTF,NSE,MID_CAP
LTFOODS,NSE,LARGE_CAP
LTM,NSE,LARGE_CAP
LTTS,NSE,MID_CAP
LUPIN,NSE,MID_CAP
M&M,NSE,LARGE_CAP
M&MFIN,NSE,MID_CAP
MAHABANK,NSE,MID_CAP
MANAPPURAM,NSE,LARGE_CAP
MANKIND,NSE,MID_CAP
MAPMYINDIA,NSE,LARGE_CAP
MARICO,NSE,MID_CAP
MARUTI,NSE,LARGE_CAP
MAXHEALTH,NSE,LARGE_CAP
MAZDOCK,NSE,LARGE_CAP
MCX,NSE,MID_CAP
MEDANTA,NSE,MID_CAP
MEESHO,NSE,LARGE_CAP
MFSL,NSE,MID_CAP
MGL,NSE,LARGE_CAP
MINDACORP,NSE,LARGE_CAP
MMTC,NSE,LARGE_CAP
MOTHERSON,NSE,LARGE_CAP
MOTILALOFS,NSE,MID_CAP
MPHASIS,NSE,MID_CAP
MRF,NSE,MID_CAP
MRPL,NSE,LARGE_CAP
MSUMI,NSE,LARGE_CAP
MUTHOOTFIN,NSE,LARGE_CAP
NAM-INDIA,NSE,MID_CAP
NATCOPHARM,NSE,LARGE_CAP
NATIONALUM,NSE,MID_CAP
NAUKRI,NSE,MID_CAP
NAVA,NSE,LARGE_CAP
NAVINFLUOR,NSE,LARGE_CAP
NBCC,NSE,LARGE_CAP
NCC,NSE,LARGE_CAP
NESTLEIND,NSE,LARGE_CAP
NETWEB,NSE,LARGE_CAP
NEULANDLAB,NSE,LARGE_CAP
NEWGEN,NSE,LARGE_CAP
NH,NSE,LARGE_CAP
NHPC,NSE,MID_CAP
NIACL,NSE,MID_CAP
NIVABUPA,NSE,LARGE_CAP
NLCINDIA,NSE,MID_CAP
NMDC,NSE,MID_CAP
NSLNISP,NSE,LARGE_CAP
NTPC,NSE,LARGE_CAP
NTPCGREEN,NSE,MID_CAP
NUVAMA,NSE,LARGE_CAP
NUVOCO,NSE,LARGE_CAP
NYKAA,NSE,MID_CAP
OBEROIRLTY,NSE,MID_CAP
OFSS,NSE,MID_CAP
OIL,NSE,MID_CAP
OLAELEC,NSE,LARGE_CAP
OLECTRA,NSE,LARGE_CAP
ONESOURCE,NSE,LARGE_CAP
ONGC,NSE,LARGE_CAP
PAGEIND,NSE,MID_CAP
PARADEEP,NSE,LARGE_CAP
PATANJALI,NSE,MID_CAP
PAYTM,NSE,MID_CAP
PCBL,NSE,LARGE_CAP
PERSISTENT,NSE,MID_CAP
PETRONET,NSE,MID_CAP
PFC,NSE,LARGE_CAP
PFIZER,NSE,LARGE_CAP
PGEL,NSE,LARGE_CAP
PHOENIXLTD,NSE,MID_CAP
PIDILITIND,NSE,LARGE_CAP
PIIND,NSE,MID_CAP
PINELABS,NSE,LARGE_CAP
PIRAMALFIN,NSE,LARGE_CAP
PNB,NSE,LARGE_CAP
PNBHOUSING,NSE,LARGE_CAP
POLICYBZR,NSE,MID_CAP
POLYCAB,NSE,MID_CAP
POLYMED,NSE,LARGE_CAP
POONAWALLA,NSE,LARGE_CAP
POWERGRID,NSE,LARGE_CAP
POWERINDIA,NSE,MID_CAP
PPLPHARMA,NSE,LARGE_CAP
PREMIERENE,NSE,MID_CAP
PRESTIGE,NSE,MID_CAP
PTCIL,NSE,LARGE_CAP
PVRINOX,NSE,LARGE_CAP
PWL,NSE,LARGE_CAP
RADICO,NSE,MID_CAP
RAILTEL,NSE,LARGE_CAP
RAINBOW,NSE,LARGE_CAP
RAMCOCEM,NSE,LARGE_CAP
RBLBANK,NSE,LARGE_CAP
RECLTD,NSE,LARGE_CAP
REDINGTON,NSE,LARGE_CAP
RELIANCE,NSE,LARGE_CAP
RHIM,NSE,LARGE_CAP
RITES,NSE,LARGE_CAP
RKFORGE,NSE,LARGE_CAP
RPOWER,NSE,LARGE_CAP
RRKABEL,NSE,LARGE_CAP
RVNL,NSE,MID_CAP
SAGILITY,NSE,LARGE_CAP
SAIL,NSE,MID_CAP
SAILIFE,NSE,LARGE_CAP
SAMMAANCAP,NSE,LARGE_CAP
SAPPHIRE,NSE,LARGE_CAP
SARDAEN,NSE,LARGE_CAP
SAREGAMA,NSE,LARGE_CAP
SBFC,NSE,LARGE_CAP
SBICARD,NSE,MID_CAP
SBILIFE,NSE,LARGE_CAP
SBIN,NSE,LARGE_CAP
SCHAEFFLER,NSE,MID_CAP
SCHNEIDER,NSE,LARGE_CAP
SCI,NSE,LARGE_CAP
SHREECEM,NSE,LARGE_CAP
SHRIRAMFIN,NSE,LARGE_CAP
SHYAMMETL,NSE,LARGE_CAP
SIEMENS,NSE,LARGE_CAP
SIGNATURE,NSE,LARGE_CAP
SJVN,NSE,MID_CAP
SOBHA,NSE,LARGE_CAP
SOLARINDS,NSE,LARGE_CAP
SONACOMS,NSE,LARGE_CAP
SONATSOFTW,NSE,LARGE_CAP
SPLPETRO,NSE,LARGE_CAP
SRF,NSE,MID_CAP
STARHEALTH,NSE,LARGE_CAP
SUMICHEM,NSE,LARGE_CAP
SUNDARMFIN,NSE,MID_CAP
SUNPHARMA,NSE,LARGE_CAP
SUNTV,NSE,LARGE_CAP
SUPREMEIND,NSE,MID_CAP
SUZLON,NSE,MID_CAP
SWANCORP,NSE,LARGE_CAP
SWIGGY,NSE,MID_CAP
SYNGENE,NSE,LARGE_CAP
SYRMA,NSE,LARGE_CAP
TARIL,NSE,LARGE_CAP
TATACAP,NSE,LARGE_CAP
TATACHEM,NSE,LARGE_CAP
TATACOMM,NSE,MID_CAP
TATACONSUM,NSE,LARGE_CAP
TATAELXSI,NSE,MID_CAP
TATAINVEST,NSE,MID_CAP
TATAPOWER,NSE,LARGE_CAP
TATASTEEL,NSE,LARGE_CAP
TATATECH,NSE,LARGE_CAP
TBOTEK,NSE,LARGE_CAP
TCS,NSE,LARGE_CAP
TECHM,NSE,LARGE_CAP
TECHNOE,NSE,LARGE_CAP
TEGA,NSE,LARGE_CAP
TEJASNET,NSE,LARGE_CAP
TENNIND,NSE,LARGE_CAP
THELEELA,NSE,LARGE_CAP
THERMAX,NSE,MID_CAP
TIINDIA,NSE,MID_CAP
TIMKEN,NSE,LARGE_CAP
TITAGARH,NSE,LARGE_CAP
TITAN,NSE,LARGE_CAP
TMCV,NSE,LARGE_CAP
TMPV,NSE,LARGE_CAP
TORNTPHARM,NSE,LARGE_CAP
TORNTPOWER,NSE,MID_CAP
TRAVELFOOD,NSE,LARGE_CAP
TRENT,NSE,LARGE_CAP
TRIDENT,NSE,LARGE_CAP
TRITURBINE,NSE,LARGE_CAP
TTML,NSE,LARGE_CAP
TVSMOTOR,NSE,LARGE_CAP
UBL,NSE,MID_CAP
UCOBANK,NSE,LARGE_CAP
ULTRACEMCO,NSE,LARGE_CAP
UNIONBANK,NSE,LARGE_CAP
UNITDSPR,NSE,LARGE_CAP
UNOMINDA,NSE,MID_CAP
UPL,NSE,MID_CAP
URBANCO,NSE,LARGE_CAP
USHAMART,NSE,LARGE_CAP
UTIAMC,NSE,LARGE_CAP
VBL,NSE,LARGE_CAP
VEDL,NSE,LARGE_CAP
VIJAYA,NSE,LARGE_CAP
VMM,NSE,MID_CAP
VOLTAS,NSE,MID_CAP
VTL,NSE,LARGE_CAP
WAAREEENER,NSE,MID_CAP
WELCORP,NSE,LARGE_CAP
WELSPUNLIV,NSE,LARGE_CAP
WHIRLPOOL,NSE,LARGE_CAP
WIPRO,NSE,LARGE_CAP
WOCKPHARMA,NSE,LARGE_CAP
YESBANK,NSE,MID_CAP
ZEEL,NSE,LARGE_CAP
ZENSARTECH,NSE,LARGE_CAP
ZENTEC,NSE,LARGE_CAP
ZFCVINDIA,NSE,LARGE_CAP
ZYDUSLIFE,NSE,LARGE_CAP
ZYDUSWELL,NSE,LARGE_CAP
